"1","Donnie","McDermott","kyla.morissette@example.net","801.736.0302","(651) 440-4739","","410 Hegmann Parks
Hattiemouth, NY 07798","North Vincenza","2012-03-31","83788","1","1","2021-05-11T09:22:20.000000Z","2021-05-11T09:22:20.000000Z","Ima"
"2","Giovanni","Hartmann","jolie93@example.org","+1.351.340.8754","+1.650.466.5239","","4633 Angelina Terrace
East Emmie, TX 52058-2105","West Hopefort","1988-07-13","36472-6396","","","2021-05-11T09:22:20.000000Z","2021-05-11T09:22:20.000000Z","Ima"
"3","Eve","Dare","schultz.johan@example.com","775.880.5313","+1-254-262-8251","","80703 Filomena Street Apt. 611
Rolfsonton, LA 03785","Lake Lincoln","1980-05-05","54220-6462","1","","2021-05-11T09:22:20.000000Z","2021-05-11T09:22:20.000000Z","Ima"
"4","Fletcher","Von","stan82@example.org","1-720-299-8063","(636) 385-6363","","4102 Tod Glens
Lednermouth, MN 44814","Brookeshire","2019-03-11","13564","","","2021-05-11T09:22:20.000000Z","2021-05-11T09:22:20.000000Z","Ima"
"5","Virginia","Batz","gardner84@example.net","845-643-1438","18569133029","","4898 Bruce Lake
East Candidoview, TN 01001-2856","Lake Jayne","2005-10-05","87114-8502","1","","2021-05-11T09:22:20.000000Z","2021-05-11T09:22:20.000000Z","Ima"
"6","Jadon","Glover","shanelle25@example.org","1-217-569-3825","+1 (772) 860-8445","","695 Alize Junctions Apt. 001
Monatown, KY 43670","South Maurice","2004-07-01","65782-9128","1","1","2021-05-11T09:22:20.000000Z","2021-05-11T09:22:20.000000Z","Ima"
"7","Antonette","Marks","barrows.adam@example.org","734-661-1113","1-619-389-8606","","32870 Sonya Fork Apt. 722
West Verner, NM 91780","North Gabrielland","2018-08-13","92047-6154","1","","2021-05-11T09:22:20.000000Z","2021-05-11T09:22:20.000000Z","Ima"
"8","Marguerite","Sporer","morris19@example.com","19712319406","660.364.2820","","147 Vance Isle
Lillianchester, OR 18150","New Jackelinebury","2014-01-31","93317","","1","2021-05-11T09:22:20.000000Z","2021-05-11T09:22:20.000000Z","Ima"
"9","Alycia","Ernser","gcummings@example.org","+1 (518) 354-3260","407-779-3216","","7539 Blanca Walks
Kshlerinhaven, KY 18813-5867","West Antoinette","1979-04-24","51990-1348","1","1","2021-05-11T09:22:20.000000Z","2021-05-11T09:22:20.000000Z","Ima"
"10","Dorothea","Bartoletti","amraz@example.net","14634747135","1-959-755-2446","","47532 Zackery Lodge
Lake Malvinaberg, RI 58635-0002","Beiermouth","2006-03-24","43549-2351","","","2021-05-11T09:22:20.000000Z","2021-05-11T09:22:20.000000Z","Ima"
"11","Naomi","Murphy","vlang@example.com","+1.323.698.3656","930.944.5165","","2001 Trycia Expressway
Lake Makaylaport, TX 97159","East Ima","2010-01-08","02693-6519","1","1","2021-05-11T09:22:20.000000Z","2021-05-11T09:22:20.000000Z","Ima"
"12","Mariam","Runolfsson","kayleigh97@example.net","603-402-7857","270-943-7938","","91161 Fisher Lodge Suite 406
Lake Amyaside, IN 63982-7752","Sarahburgh","2012-11-23","65366-2645","1","","2021-05-11T09:22:20.000000Z","2021-05-11T09:22:20.000000Z","Ima"
"13","Meagan","Torp","ron31@example.org","980-227-4459","669-989-8742","","942 King Summit
Julioborough, NJ 37517-9159","East Liana","1981-10-15","13125-0486","","1","2021-05-11T09:22:20.000000Z","2021-05-11T09:22:20.000000Z","Ima"
"14","Gaston","Spencer","dhudson@example.net","+1.856.918.3382","1-580-501-9279","","4780 Mann Isle
Rennerland, VT 37534-6114","Leemouth","2002-09-29","90891-9052","1","","2021-05-11T09:22:20.000000Z","2021-05-11T09:22:20.000000Z","Ima"
"15","Kelly","Williamson","alta.jacobs@example.org","+1.713.529.0779","(760) 643-2332","","791 Rempel Forge
New Carolyneview, LA 21890","Anaburgh","2006-06-18","94299-5717","","1","2021-05-11T09:22:20.000000Z","2021-05-11T09:22:20.000000Z","Ima"
"16","Jayne","Frami","tstokes@example.org","+1.269.984.4350","+1-669-667-7505","","68748 Heaney Locks
Jennyferchester, VT 21516","South Freida","1972-02-17","02580","1","","2021-05-11T09:22:20.000000Z","2021-05-11T09:22:20.000000Z","Ima"
"17","Stuart","Corwin","koss.juana@example.com","936.722.3321","1-930-493-8026","","604 Dickinson Plains
McGlynnberg, ME 93095-6101","East Ramiro","1998-11-16","28446","1","","2021-05-11T09:22:20.000000Z","2021-05-11T09:22:20.000000Z","Ima"
"18","Annette","Luettgen","oschiller@example.org","702-856-5810","(915) 642-3148","","7328 Beahan Trail
West Kellie, NY 94500-2596","Dickensfort","1992-01-01","67951-0401","","1","2021-05-11T09:22:20.000000Z","2021-05-11T09:22:20.000000Z","Ima"
"19","Edison","Harber","carmelo.feeney@example.net","1-423-803-9442","412-219-6649","","945 Tromp Gardens
Raufurt, MT 45530","Lake Alexandrofurt","2001-03-07","05661-8008","1","","2021-05-11T09:22:20.000000Z","2021-05-11T09:22:20.000000Z","Ima"
"20","Emmalee","Ferry","shields.gaston@example.org","1-252-340-7187","+1.959.445.6907","","294 Donnelly Track Suite 420
Ferminfort, AZ 21544-9774","North Betteside","1983-06-16","06000-6780","1","","2021-05-11T09:22:20.000000Z","2021-05-11T09:22:20.000000Z","Ima"
"21","Orville","Corwin","mills.xavier@example.com","262.579.4965","+1 (701) 774-0966","","535 Boyer Loaf Suite 447
North Alanaville, KS 65185","Groverbury","1973-08-12","78576","","1","2021-05-11T09:22:20.000000Z","2021-05-11T09:22:20.000000Z","Ima"
"22","Elvera","Corkery","ahmad.moen@example.net","+1-806-814-3243","+1.667.361.0403","","6131 Marks Track
Collinschester, IA 77652","Feilport","2001-10-29","86870-7915","","","2021-05-11T09:22:20.000000Z","2021-05-11T09:22:20.000000Z","Ima"
"23","Elinor","Considine","ismael.powlowski@example.org","+1-702-627-4566","(332) 280-4750","","82289 Jacobi Run
Volkmanport, WI 20743-2859","Williamsonfort","2007-02-05","28112-7718","1","1","2021-05-11T09:22:20.000000Z","2021-05-11T09:22:20.000000Z","Ima"
"24","Angelita","Ziemann","adrienne62@example.org","+1-641-288-8305","(980) 982-0853","","263 Juliet Gardens Suite 406
East Althea, IA 02110","Lakinview","2006-10-21","00128","1","","2021-05-11T09:22:20.000000Z","2021-05-11T09:22:20.000000Z","Ima"
"25","Marjorie","Satterfield","trey83@example.com","+1-435-533-4518","+1-813-976-9903","","4562 Jacobson Course
Lake Ricardoview, MA 05816","Port Edytheport","2007-10-10","17543","1","1","2021-05-11T09:22:20.000000Z","2021-05-11T09:22:20.000000Z","Ima"
"26","Sherman","Torp","brenden13@example.com","585.835.9430","+1-562-750-0470","","86679 Josefa Lakes Apt. 683
Bartonport, WV 89957","Marquisport","2005-03-20","69073-9682","1","1","2021-05-11T09:22:20.000000Z","2021-05-11T09:22:20.000000Z","Ima"
"27","Luis","Willms","marcia.dooley@example.com","+1-520-406-8042","+1-918-626-8993","","552 Larson Crossing
South Phyllisborough, UT 50978-0133","Powlowskitown","1976-02-07","13086-7011","1","","2021-05-11T09:22:20.000000Z","2021-05-11T09:22:20.000000Z","Ima"
"28","Gregoria","Erdman","imurphy@example.com","828.739.8593","+1.385.329.5822","","345 Bashirian Ville Suite 259
New Catharineside, HI 77156-9085","New Nichole","1973-05-08","79483-4743","1","1","2021-05-11T09:22:20.000000Z","2021-05-11T09:22:20.000000Z","Ima"
"29","Rossie","Cruickshank","rkoelpin@example.net","1-762-779-6634","913.957.5568","","50089 Erdman Court
East Allison, WA 41975-3781","South Carleyshire","2006-01-19","06450-4461","","","2021-05-11T09:22:20.000000Z","2021-05-11T09:22:20.000000Z","Ima"
"30","Laisha","Ernser","charvey@example.com","(661) 398-8567","+1-646-804-1143","","31995 Dana Cliff
Maraside, AZ 72751-9040","Beahanburgh","1971-05-10","42258","1","1","2021-05-11T09:22:20.000000Z","2021-05-11T09:22:20.000000Z","Ima"
"31","Nicklaus","Ledner","beichmann@example.net","1-541-371-2115","+1.228.320.6693","","4825 Nikolaus Plains
Abernathyfurt, WA 95934","Shanechester","1999-07-30","16010","","1","2021-05-11T09:22:20.000000Z","2021-05-11T09:22:20.000000Z","Ima"
"32","Madisen","Turcotte","yschulist@example.com","1-916-338-8702","1-385-455-0763","","41045 Huel Forges
Clemensshire, ND 31269-0971","Smithburgh","1985-10-06","88777","1","1","2021-05-11T09:22:20.000000Z","2021-05-11T09:22:20.000000Z","Ima"
"33","Thalia","Balistreri","boyle.gerhard@example.com","(304) 642-9891","1-938-385-6110","","6825 Sophia Alley
Rosellatown, GA 71299","West Tracychester","1989-03-04","59352","1","1","2021-05-11T09:22:20.000000Z","2021-05-11T09:22:20.000000Z","Ima"
"34","Carson","Torp","ydibbert@example.org","+1-530-577-9273","361-810-2939","","92356 Labadie Avenue Apt. 053
Waltershire, WA 73507-3636","Revaland","1975-10-06","74656-7001","1","","2021-05-11T09:22:20.000000Z","2021-05-11T09:22:20.000000Z","Ima"
"35","Lourdes","Krajcik","monte.heaney@example.net","262-306-3123","12014007319","","5136 Marcelino Bypass Apt. 294
Graciefort, MS 80672-4472","North Hailie","2000-12-10","67448-7686","","1","2021-05-11T09:22:20.000000Z","2021-05-11T09:22:20.000000Z","Ima"
"36","Martine","Gutkowski","austen.jast@example.net","(267) 376-8183","830-416-6867","","17382 Keven Bypass Apt. 217
Goodwinfurt, AZ 36078","Port Emely","1977-10-15","80051-5084","1","1","2021-05-11T09:22:20.000000Z","2021-05-11T09:22:20.000000Z","Ima"
"37","Yolanda","Streich","ejast@example.org","+1-269-442-0316","267-742-7577","","58434 Toy Island Suite 932
Kuhicville, CT 79806","Kirlinbury","1981-07-15","51517","1","","2021-05-11T09:22:20.000000Z","2021-05-11T09:22:20.000000Z","Ima"
"38","Christ","Kertzmann","sandra.kling@example.net","223.983.4689","+1-475-234-4326","","890 Ines Bypass Suite 597
Port Elbertstad, VA 88939","South Giuseppe","2019-07-01","61212-0511","1","1","2021-05-11T09:22:20.000000Z","2021-05-11T09:22:20.000000Z","Ima"
"39","Danika","Lockman","bins.annabel@example.org","15206878346","+1-931-376-1425","","4853 Erwin Lights Apt. 800
East Addieborough, IL 53135-9097","Braunshire","1988-04-06","22524-9651","1","","2021-05-11T09:22:20.000000Z","2021-05-11T09:22:20.000000Z","Ima"
"40","Ray","Kulas","dillon.bartell@example.org","(938) 538-2853","+1 (786) 825-5608","","337 Nelda Creek
South Amelyhaven, NY 09907","Runtestad","1974-01-04","58175","","1","2021-05-11T09:22:20.000000Z","2021-05-11T09:22:20.000000Z","Ima"
"41","Dejah","Osinski","ekoelpin@example.com","+1 (551) 957-3764","351-729-2126","","35549 Torphy Corner
Lake Hendersonhaven, IL 36754","East Khalidside","1979-03-19","42723-2777","1","","2021-05-11T09:22:20.000000Z","2021-05-11T09:22:20.000000Z","Ima"
"42","Rosendo","Hoppe","keeling.laury@example.org","831-694-7830","336-713-3415","","26264 Gage Squares Apt. 627
Port Wilhelmstad, NY 82886-3755","East Boview","1998-11-27","00140-3530","1","1","2021-05-11T09:22:20.000000Z","2021-05-11T09:22:20.000000Z","Ima"
"43","Kayleigh","Jakubowski","whitney37@example.com","682.800.2179","480.617.0520","","624 Lexi Gateway Suite 010
South Gillian, AK 13669-8275","Travonfurt","2017-10-17","15498","","","2021-05-11T09:22:20.000000Z","2021-05-11T09:22:20.000000Z","Ima"
"44","Edythe","Schroeder","macejkovic.kathryne@example.org","(573) 200-6997","+1.606.842.9455","","811 Will Plaza Suite 353
South Stanley, NM 96981-5233","Griffinbury","2013-09-09","95780","1","1","2021-05-11T09:22:20.000000Z","2021-05-11T09:22:20.000000Z","Ima"
"45","Rosalee","Rippin","hpollich@example.org","1-585-961-8422","267.614.5482","","95553 Rogahn Walks Suite 370
Bauchmouth, TN 55346-3212","Port Flaviomouth","1974-02-21","83894","1","","2021-05-11T09:22:20.000000Z","2021-05-11T09:22:20.000000Z","Ima"
"46","Freddy","Swift","marcellus.hahn@example.com","(520) 674-0493","973-665-1888","","523 Von Creek Suite 099
Rickychester, VA 20559","North Jannie","2017-08-30","16246-1537","","1","2021-05-11T09:22:20.000000Z","2021-05-11T09:22:20.000000Z","Ima"
"47","Orlando","O'Reilly","nova81@example.com","1-281-572-7377","(570) 742-4625","","239 Amya Pine Apt. 899
Cronamouth, VA 49009-6947","Hilpertstad","1980-03-05","68169","","1","2021-05-11T09:22:20.000000Z","2021-05-11T09:22:20.000000Z","Ima"
"48","Asa","Wehner","eleanora.lehner@example.net","+1.743.994.1120","+1 (580) 857-3495","","8145 Koepp Green
Lake Vilma, NM 93466","Jerdeburgh","2020-06-12","74273-1482","1","","2021-05-11T09:22:20.000000Z","2021-05-11T09:22:20.000000Z","Ima"
"49","Anibal","Veum","carrie01@example.net","+1.781.746.5035","(502) 372-0907","","69258 Wade Passage Suite 331
Lake Marilyne, AR 60488-3830","East Isaiah","1975-10-17","88342","1","","2021-05-11T09:22:20.000000Z","2021-05-11T09:22:20.000000Z","Ima"
"50","Alyce","Macejkovic","celestino.hills@example.org","1-564-428-2548","+1 (253) 559-8119","","5128 Pattie Groves Apt. 761
West Shaniebury, MO 04559-0362","Schinnermouth","1971-04-13","37586","1","1","2021-05-11T09:22:20.000000Z","2021-05-11T09:22:20.000000Z","Ima"
